year,Datetime,q_05,q_15,q_25,q_35,q_5,q_65,q_75,q_85,q_95,actual
1,2019-07-30 00:00:00,24.5446640625,23.890673828125,24.74210546875,24.598412109375,25.72626171875,24.583728515625,25.72897265625,25.14301171875,26.93176171875,23.746
2,2019-07-30 00:30:00,23.827072265625,23.275158203125,24.446474609375,24.379861328125,25.04484375,24.145494140625,25.254921875,24.464279296875,25.999439453125,23.16
3,2019-07-30 01:00:00,23.36185546875,22.911775390625,24.04891015625,23.89950390625,24.25063671875,23.67268359375,24.727677734375,24.0041875,25.2464140625,22.789
4,2019-07-30 01:30:00,22.87484375,22.46554296875,23.64890234375,23.481814453125,23.70289453125,23.244958984375,24.379474609375,23.624662109375,24.757841796875,22.376
5,2019-07-30 02:00:00,22.440806640625,22.12182421875,23.257759765625,23.1991796875,23.3584140625,22.97205078125,24.114587890625,23.3335390625,24.464568359375,21.822
6,2019-07-30 02:30:00,22.09746875,21.897966796875,22.99297265625,23.0699453125,23.162419921875,22.831580078125,23.91198046875,23.156142578125,24.337640625,22.033
7,2019-07-30 03:00:00,21.88861328125,21.8226484375,23.007314453125,23.115208984375,23.098515625,22.838697265625,23.817658203125,23.130177734375,24.39111328125,21.993
8,2019-07-30 03:30:00,21.87356640625,21.997533203125,23.401158203125,23.369037109375,23.2302890625,23.058134765625,23.971751953125,23.3228359375,24.68624609375,22.105
9,2019-07-30 04:00:00,22.143244140625,22.70398828125,24.299921875,23.93876171875,23.74334375,23.659328125,24.60186328125,23.945099609375,25.381017578125,21.882
10,2019-07-30 04:30:00,22.916583984375,24.43270703125,25.70101171875,25.174630859375,24.90237890625,25.061232421875,26.115177734375,25.510173828125,26.7964453125,22.778
11,2019-07-30 05:00:00,24.538353515625,26.813326171875,27.396048828125,27.34918359375,27.223783203125,27.45948828125,28.760767578125,27.97105078125,28.9733125,25.082
12,2019-07-30 05:30:00,26.76258984375,28.8481953125,29.047484375,29.5297109375,29.534541015625,29.85357421875,31.398693359375,30.414583984375,31.46295703125,27.07
13,2019-07-30 06:00:00,28.723822265625,30.712607421875,30.652529296875,31.479958984375,31.35237109375,31.851109375,33.3078984375,32.513345703125,33.78907421875,29.722999999999995
14,2019-07-30 06:30:00,30.6101875,32.6453828125,32.670712890625,33.5081953125,33.1597421875,33.68207421875,34.9785546875,34.3008984375,35.6231875,31.36
15,2019-07-30 07:00:00,32.87915234375,34.27938671875,34.678671875,35.23253125,34.98225390625,35.16725,36.47249609375,35.7704921875,36.8755390625,33.277
16,2019-07-30 07:30:00,34.618515625,35.128109375,35.62317578125,36.25509375,36.26381640625,36.08722265625,37.4824140625,36.76974609375,37.828296875,34.159
17,2019-07-30 08:00:00,35.3072265625,35.42016796875,35.9763203125,36.7352734375,36.89666015625,36.5507109375,38.02790234375,37.341796875,38.47345703125,34.822
18,2019-07-30 08:30:00,35.61150390625,35.58599609375,36.1989921875,36.95934765625,37.20494921875,36.8311953125,38.32934375,37.66540625,38.77847265625,35.591
19,2019-07-30 09:00:00,35.816546875,35.75741015625,36.42085546875,37.2028203125,37.3696015625,37.1079921875,38.53848046875,37.85725,39.00028125,35.761
20,2019-07-30 09:30:00,35.940046875,35.9347109375,36.70170703125,37.45515625,37.4774921875,37.42012109375,38.70794140625,37.98644140625,39.2632578125,35.65
21,2019-07-30 10:00:00,35.996484375,36.12810546875,37.06884765625,37.65430078125,37.70490234375,37.71928515625,38.83934765625,38.1270390625,39.60225390625,35.939
22,2019-07-30 10:30:00,36.00143359375,36.3107578125,37.32874609375,37.80703125,38.0231015625,37.96394140625,38.91534765625,38.31158984375,39.933453125,36.233
23,2019-07-30 11:00:00,35.95605859375,36.3645390625,37.3598984375,37.913890625,38.08809765625,38.1231171875,38.9249375,38.42465234375,40.105109375,36.871
24,2019-07-30 11:30:00,35.85234765625,36.24341796875,37.2276015625,37.95394140625,38.00087890625,38.1530234375,38.890640625,38.365765625,40.094296875,36.776
25,2019-07-30 12:00:00,35.6895,35.9720078125,36.96743359375,37.890171875,37.8109375,38.01956640625,38.8476328125,38.14890625,39.9437109375,36.622
26,2019-07-30 12:30:00,35.495375,35.60008984375,36.635171875,37.727125,37.51013671875,37.7294453125,38.77964453125,37.83004296875,39.7548125,36.312
27,2019-07-30 13:00:00,35.34603125,35.21905859375,36.34591796875,37.538296875,37.1793515625,37.3578984375,38.66775,37.56030859375,39.6260078125,35.659
28,2019-07-30 13:30:00,35.3555625,34.9478359375,36.19765234375,37.41059375,36.88762890625,37.02926171875,38.56891015625,37.46228125,39.57482421875,35.097
29,2019-07-30 14:00:00,35.59502734375,34.904015625,36.18905859375,37.42276953125,36.6903203125,36.87119140625,38.5529765625,37.50685546875,39.5852890625,35.122
30,2019-07-30 14:30:00,35.99840234375,35.15434375,36.2776484375,37.62869140625,36.72792578125,36.94833203125,38.6323359375,37.63237109375,39.66420703125,35.204
31,2019-07-30 15:00:00,36.4215546875,35.6175078125,36.55698046875,37.95259375,37.07979296875,37.22228125,38.81858984375,37.81640234375,39.84204296875,35.287
32,2019-07-30 15:30:00,36.7518046875,36.065796875,37.0225390625,38.14934765625,37.54228515625,37.564453125,39.0756875,38.02903515625,40.11290234375,35.783
33,2019-07-30 16:00:00,36.93030078125,36.3202421875,37.3179140625,38.0439765625,37.7513515625,37.82735546875,39.26225,38.19712890625,40.32959375,35.652
34,2019-07-30 16:30:00,36.905703125,36.3623046875,37.28780859375,37.69816796875,37.60495703125,37.8756484375,39.26224609375,38.20507421875,40.21508203125,35.767
35,2019-07-30 17:00:00,36.61566015625,36.1937890625,36.9795234375,37.2123203125,37.16740234375,37.59594140625,39.04385546875,37.9435078125,39.6665078125,35.424
36,2019-07-30 17:30:00,36.1089140625,35.77371484375,36.3723828125,36.619203125,36.59723046875,36.992125,38.565125,37.36919140625,38.963421875,34.705
37,2019-07-30 18:00:00,35.568234375,35.19058203125,35.49141796875,35.97796484375,35.955390625,36.23561328125,37.73547265625,36.61283984375,38.25702734375,33.737
38,2019-07-30 18:30:00,34.9757734375,34.59637109375,34.52465234375,35.3227265625,35.2844375,35.5046015625,36.62372265625,35.9371875,37.39770703125,33.143
39,2019-07-30 19:00:00,34.26125,33.97939453125,33.7858203125,34.6039375,34.77975390625,34.89483203125,35.730015625,35.35753125,36.48087890625,32.185
40,2019-07-30 19:30:00,33.7390546875,33.36742578125,33.301875,33.99043359375,34.5901796875,34.3755703125,35.077671875,34.7832578125,35.78745703125,31.799
41,2019-07-30 20:00:00,33.2798203125,33.00708984375,32.90857421875,33.58993359375,34.60957421875,33.75139453125,34.31452734375,34.202015625,35.17012890625,31.012
42,2019-07-30 20:30:00,32.489078125,32.630986328125,32.4417109375,33.00141796875,33.8079765625,32.90973828125,33.6201171875,33.2931484375,34.40551171875,29.983
43,2019-07-30 21:00:00,31.08534765625,31.535103515625,31.648607421875,31.885068359375,32.226630859375,31.94210546875,32.8970234375,32.019302734375,33.67613671875,28.871
44,2019-07-30 21:30:00,29.645328125,29.778712890625,30.350884765625,30.196158203125,30.920853515625,30.614615234375,31.56565234375,30.577259765625,32.7847734375,27.411
45,2019-07-30 22:00:00,28.393544921875,28.189951171875,28.8150078125,28.43852734375,29.8410546875,28.887251953125,29.851208984375,29.085041015625,31.35232421875,26.61
46,2019-07-30 22:30:00,26.929619140625,27.048787109375,27.520064453125,27.107123046875,28.424951171875,27.319701171875,28.351359375,27.70691796875,29.63240234375,25.493
47,2019-07-30 23:00:00,25.389537109375,25.947166015625,26.32644140625,25.880572265625,27.001205078125,25.952060546875,27.02211328125,26.4179296875,28.123146484375,24.567
48,2019-07-30 23:30:00,24.065,24.79257421875,25.25405859375,24.786697265625,25.897697265625,24.783666015625,25.873845703125,25.307490234375,26.90608984375,23.864
49,2019-07-31 00:00:00,24.19755078125,24.234177734375,24.73287890625,24.49385546875,25.671892578125,24.587265625,25.637755859375,25.396837890625,26.80181640625,22.792
50,2019-07-31 00:30:00,23.52896875,23.5605,24.374572265625,24.28151953125,24.959666015625,24.0318828125,24.98471875,24.748427734375,25.993119140625,22.344
51,2019-07-31 01:00:00,22.85615625,23.010857421875,24.08201953125,23.85716015625,24.339099609375,23.591765625,24.549869140625,24.34114453125,25.407056640625,21.705
52,2019-07-31 01:30:00,22.31443359375,22.555705078125,23.703125,23.457505859375,23.83806640625,23.22071875,24.255955078125,23.95373046875,24.984875,21.179
53,2019-07-31 02:00:00,21.894361328125,22.19061328125,23.31050390625,23.15651171875,23.480896484375,22.97406640625,24.041822265625,23.6595703125,24.71303515625,20.491
54,2019-07-31 02:30:00,21.617056640625,21.929123046875,23.005716796875,22.998375,23.2688125,22.849591796875,23.880701171875,23.465697265625,24.5890625,20.58
55,2019-07-31 03:00:00,21.507623046875,21.813765625,22.946177734375,23.016154296875,23.1927890625,22.86687109375,23.818955078125,23.404994140625,24.631224609375,20.483
56,2019-07-31 03:30:00,21.590150390625,21.949986328125,23.23402734375,23.251201171875,23.3105,23.094404296875,23.994119140625,23.551509765625,24.895994140625,20.828
57,2019-07-31 04:00:00,21.938220703125,22.620603515625,24.04403125,23.7993828125,23.80788671875,23.706474609375,24.62101171875,24.116681640625,25.51879296875,21.501
58,2019-07-31 04:30:00,22.787044921875,24.329109375,25.470603515625,24.97708984375,24.91746875,25.12526953125,26.096740234375,25.61598828125,26.779701171875,22.107
59,2019-07-31 05:00:00,24.4954921875,26.6731796875,27.322837890625,27.1819921875,27.190591796875,27.573126953125,28.681232421875,28.10697265625,28.85896484375,24.644
60,2019-07-31 05:30:00,26.765015625,28.65176171875,29.1435625,29.51619921875,29.523244140625,30.0127421875,31.287279296875,30.623375,31.415044921875,26.5
61,2019-07-31 06:00:00,28.785537109375,30.4739609375,30.883537109375,31.52629296875,31.31433984375,32.026865234375,33.28453125,32.81491015625,33.90411328125,28.698
62,2019-07-31 06:30:00,30.83723828125,32.4449296875,33.03053125,33.52198828125,33.07441796875,33.8470390625,35.0409296875,34.66370703125,35.7777109375,30.485999999999997
63,2019-07-31 07:00:00,33.1252109375,34.1349140625,34.8815078125,35.19394140625,34.8881875,35.28236328125,36.48159375,36.0818125,36.9941171875,32.005
64,2019-07-31 07:30:00,34.55123046875,35.037890625,35.65241015625,36.19194140625,36.18480859375,36.157140625,37.3951875,36.965484375,37.906625,33.058
65,2019-07-31 08:00:00,35.12308984375,35.38154296875,35.95392578125,36.6619921875,36.8336015625,36.60569140625,37.90070703125,37.4551953125,38.47906640625,34.099
66,2019-07-31 08:30:00,35.467796875,35.574453125,36.15490625,36.90543359375,37.15329296875,36.890859375,38.2008203125,37.74241015625,38.74994140625,34.701
67,2019-07-31 09:00:00,35.718671875,35.75640625,36.35457421875,37.1810078125,37.320203125,37.18437890625,38.4284765625,37.93544140625,38.9897109375,35.022
68,2019-07-31 09:30:00,35.8721875,35.9443671875,36.60030859375,37.46718359375,37.43445703125,37.52451171875,38.62988671875,38.09462109375,39.315546875,35.441
69,2019-07-31 10:00:00,35.9518125,36.14997265625,36.9266328125,37.69952734375,37.69716796875,37.8508984375,38.806265625,38.277171875,39.74077734375,35.732
70,2019-07-31 10:30:00,35.97591796875,36.33210546875,37.200875,37.86821484375,38.06433203125,38.11049609375,38.94286328125,38.4611015625,40.10703125,35.886
71,2019-07-31 11:00:00,35.9443515625,36.39560546875,37.266515625,37.98071875,38.17894921875,38.273390625,39.02226171875,38.50823046875,40.24012890625,35.846
72,2019-07-31 11:30:00,35.8491328125,36.31648828125,37.16063671875,38.0290859375,38.145453125,38.30539453125,39.03526953125,38.39605078125,40.173640625,35.768
73,2019-07-31 12:00:00,35.69171484375,36.1098671875,36.9302890625,37.9848125,38.01328125,38.18074609375,38.98315625,38.1658203125,39.989703125,35.462
74,2019-07-31 12:30:00,35.505484375,35.80866015625,36.61962890625,37.852125,37.779546875,37.9142421875,38.86992578125,37.87858984375,39.79234765625,35.062
75,2019-07-31 13:00:00,35.3734921875,35.48645703125,36.32822265625,37.69590625,37.50917578125,37.58241796875,38.72839453125,37.67114453125,39.6714453125,34.77
76,2019-07-31 13:30:00,35.40534375,35.24686328125,36.16239453125,37.5937421875,37.25443359375,37.29699609375,38.63377734375,37.62440234375,39.6395546875,34.554
77,2019-07-31 14:00:00,35.6423359375,35.2026484375,36.13287109375,37.614234375,37.061515625,37.15951171875,38.63001171875,37.70801953125,39.67655078125,34.535
78,2019-07-31 14:30:00,35.9966328125,35.4257265625,36.2010859375,37.7983984375,37.09367578125,37.22016015625,38.71941796875,37.886703125,39.785484375,34.527
79,2019-07-31 15:00:00,36.33849609375,35.84359375,36.4494375,38.08083984375,37.4362734375,37.45337109375,38.91544921875,38.14741796875,39.9960078125,34.774
80,2019-07-31 15:30:00,36.59154296875,36.24605078125,36.90948828125,38.259328125,37.844765625,37.75346484375,39.16179296875,38.43957421875,40.300578125,35.349
81,2019-07-31 16:00:00,36.73107421875,36.47297265625,37.254515625,38.18007421875,38.006375,37.98688671875,39.31089453125,38.648859375,40.540453125,35.466
82,2019-07-31 16:30:00,36.725515625,36.51013671875,37.26891796875,37.87770703125,37.86244921875,38.02025,39.27509375,38.64403125,40.435390625,35.215
83,2019-07-31 17:00:00,36.5049296875,36.367875,36.99734375,37.435109375,37.44429296875,37.73730859375,39.04328125,38.343015625,39.9069921875,34.772
84,2019-07-31 17:30:00,36.03687890625,36.00765234375,36.46491796875,36.88230078125,36.86184375,37.13159765625,38.5814375,37.7323515625,39.23261328125,34.201
85,2019-07-31 18:00:00,35.46144140625,35.46540625,35.73863671875,36.26515234375,36.2115390625,36.38516015625,37.80226953125,36.9574140625,38.554015625,34.342
86,2019-07-31 18:30:00,34.9029453125,34.8830546875,34.90691796875,35.62531640625,35.4910234375,35.68940234375,36.75194140625,36.2688828125,37.739171875,33.872
87,2019-07-31 19:00:00,34.24965234375,34.33425390625,34.1331015625,34.92767578125,34.91116015625,35.10333984375,35.904671875,35.68856640625,36.87058984375,33.024
88,2019-07-31 19:30:00,33.68897265625,33.83005859375,33.62579296875,34.2941640625,34.8076484375,34.60275390625,35.33983984375,35.115140625,36.22914453125,32.469
89,2019-07-31 20:00:00,33.25250390625,33.399421875,33.29294921875,33.8091328125,34.88355078125,34.0320703125,34.709328125,34.5916953125,35.718390625,32.124
90,2019-07-31 20:30:00,32.4780390625,32.80901171875,32.9528125,33.15557421875,33.9359453125,33.17966796875,34.0335625,33.83403515625,35.0287890625,31.243
91,2019-07-31 21:00:00,31.10421875,31.584369140625,32.12614453125,32.058388671875,32.192462890625,32.106423828125,33.1593828125,32.56278515625,34.182453125,29.944999999999997
92,2019-07-31 21:30:00,29.68839453125,29.805244140625,30.6858359375,30.39984765625,30.793310546875,30.745390625,31.750474609375,31.018578125,33.12235546875,28.116
93,2019-07-31 22:00:00,28.433896484375,28.2546171875,29.059935546875,28.58025390625,29.665390625,29.043453125,30.06121484375,29.49425,31.60416796875,27.097
94,2019-07-31 22:30:00,26.97378125,27.145828125,27.6025703125,27.19267578125,28.235189453125,27.489029296875,28.51844921875,28.1441015625,29.859841796875,25.889
95,2019-07-31 23:00:00,25.42037890625,26.0591796875,26.27674609375,25.9310859375,26.85179296875,26.114474609375,27.1218203125,26.909634765625,28.354400390625,24.034
96,2019-07-31 23:30:00,24.022951171875,24.96312109375,25.194443359375,24.851537109375,25.818626953125,24.904466796875,25.952638671875,25.788025390625,27.15603125,23.186
97,2019-08-01 00:00:00,24.184666015625,24.463265625,24.835947265625,24.4951953125,25.57312109375,24.739908203125,25.72311328125,25.5483125,26.668662109375,22.719
98,2019-08-01 00:30:00,23.1601171875,23.585013671875,24.27465625,23.930642578125,24.7806796875,23.78849609375,24.897833984375,24.74980078125,25.690412109375,22.798
99,2019-08-01 01:00:00,22.322763671875,22.812892578125,23.955005859375,23.50887109375,24.217419921875,23.283173828125,24.6412890625,24.358373046875,25.055783203125,22.42
100,2019-08-01 01:30:00,21.799158203125,22.334416015625,23.564353515625,23.124583984375,23.771001953125,22.98314453125,24.357884765625,23.931859375,24.687216796875,22.088
101,2019-08-01 02:00:00,21.364017578125,21.965171875,23.134642578125,22.826765625,23.467111328125,22.8071328125,24.110720703125,23.631837890625,24.471240234375,21.63
102,2019-08-01 02:30:00,21.07875,21.70817578125,22.785970703125,22.6553984375,23.285490234375,22.7425234375,23.919958984375,23.45673828125,24.392673828125,21.635
103,2019-08-01 03:00:00,20.99240234375,21.617779296875,22.690935546875,22.651087890625,23.222275390625,22.8207421875,23.876955078125,23.427119140625,24.46865625,21.725
104,2019-08-01 03:30:00,21.1404609375,21.83376171875,22.953025390625,22.8605859375,23.33862109375,23.126705078125,24.089921875,23.614974609375,24.74953515625,21.804
105,2019-08-01 04:00:00,21.62575,22.71763671875,23.715076171875,23.373193359375,23.80803125,23.845544921875,24.707787109375,24.233654296875,25.357560546875,22.102
106,2019-08-01 04:30:00,22.73457421875,24.5744140625,25.05453515625,24.489291015625,24.83308203125,25.3568984375,26.14125,25.8434765625,26.56395703125,22.765
107,2019-08-01 05:00:00,24.6716484375,26.696677734375,26.874998046875,26.591783203125,26.961734375,27.771970703125,28.8058515625,28.48521875,28.6298046875,24.795
108,2019-08-01 05:30:00,26.88197265625,28.340447265625,28.75033984375,28.90352734375,29.201388671875,30.24675,31.68134375,30.993671875,31.27387890625,26.593
109,2019-08-01 06:00:00,28.901056640625,29.8965546875,30.57117578125,31.126935546875,30.9769453125,32.356533203125,33.93236328125,33.2318203125,33.7329296875,28.485
110,2019-08-01 06:30:00,31.235689453125,31.848193359375,32.84402734375,33.23291796875,32.83680859375,34.16403125,35.7017734375,35.1439453125,35.450875,30.086
111,2019-08-01 07:00:00,33.48323828125,33.677375,34.7740234375,34.81094140625,34.78386328125,35.5086640625,36.81514453125,36.3984375,36.5261015625,31.738
112,2019-08-01 07:30:00,34.560640625,34.64362890625,35.5150546875,35.72697265625,36.0834375,36.28860546875,37.4864375,37.17624609375,37.3173984375,32.792
113,2019-08-01 08:00:00,35.03879296875,34.9728359375,35.7118984375,36.16885546875,36.70965234375,36.66698046875,37.9422734375,37.68148828125,37.77007421875,33.432
114,2019-08-01 08:30:00,35.38416796875,35.14936328125,35.7811640625,36.441921875,37.0285234375,36.89715625,38.24971875,38.026265625,37.8984921875,34.326
115,2019-08-01 09:00:00,35.6282734375,35.33915234375,35.85704296875,36.768734375,37.19011328125,37.13461328125,38.49291796875,38.27837109375,37.993125,34.526
116,2019-08-01 09:30:00,35.7751875,35.55617578125,35.992984375,37.086984375,37.31059765625,37.43054296875,38.7150234375,38.46720703125,38.20787890625,34.753
117,2019-08-01 10:00:00,35.85525390625,35.7941640625,36.239484375,37.33941796875,37.60873828125,37.72494921875,38.92353515625,38.6194375,38.53821484375,35.835
118,2019-08-01 10:30:00,35.87905078125,35.9892578125,36.5539609375,37.5250078125,37.85475,37.93000390625,39.10891015625,38.75591015625,38.8750234375,36.698
119,2019-08-01 11:00:00,35.837734375,36.06057421875,36.7129765625,37.6366484375,37.85552734375,38.0082421875,39.2442265625,38.7996328125,39.01616015625,35.91
120,2019-08-01 11:30:00,35.71590625,35.99785546875,36.6592578125,37.644109375,37.75293359375,37.94711328125,39.2924765625,38.69474609375,38.91304296875,35.875
121,2019-08-01 12:00:00,35.50894140625,35.79325,36.455671875,37.53310546875,37.5586015625,37.751546875,39.2305234375,38.46333203125,38.657046875,35.861
122,2019-08-01 12:30:00,35.24583984375,35.45373828125,36.15359765625,37.3461328125,37.257203125,37.45705078125,39.05144921875,38.12038671875,38.33619921875,35.799
123,2019-08-01 13:00:00,35.0090078125,35.058875,35.8283359375,37.14755078125,36.90884765625,37.1351328125,38.7887890625,37.79014453125,38.051078125,35.462
124,2019-08-01 13:30:00,34.926234375,34.7454140625,35.59179296875,36.98927734375,36.5753203125,36.8720078125,38.54866796875,37.6541796875,37.87958203125,35.37
125,2019-08-01 14:00:00,35.0813203125,34.6411796875,35.509671875,36.9236328125,36.32433203125,36.74487109375,38.42780859375,37.705921875,37.8318203125,35.524
126,2019-08-01 14:30:00,35.40452734375,34.815609375,35.55844140625,37.01098046875,36.314640625,36.7955625,38.4207890625,37.85437109375,37.9041171875,35.434
127,2019-08-01 15:00:00,35.74118359375,35.20624609375,35.7937109375,37.25853515625,36.608140625,37.00835546875,38.50315625,38.03908984375,38.1087578125,35.942
128,2019-08-01 15:30:00,35.98696875,35.6061875,36.2820078125,37.51702734375,36.9882734375,37.2949140625,38.65821875,38.19394140625,38.4056171875,36.165
129,2019-08-01 16:00:00,36.11166796875,35.8384375,36.65585546875,37.56391796875,37.14225390625,37.528921875,38.785578125,38.24518359375,38.60487890625,35.874
130,2019-08-01 16:30:00,36.08702734375,35.87065625,36.67386328125,37.310234375,36.98786328125,37.57762890625,38.74778125,38.14034375,38.50889453125,35.533
131,2019-08-01 17:00:00,35.8432109375,35.7118828125,36.43738671875,36.82203125,36.59950390625,37.31534765625,38.48969140625,37.85762109375,38.16098828125,34.896
132,2019-08-01 17:30:00,35.35391796875,35.340203125,35.9882890625,36.24053125,36.12230859375,36.69656640625,38.00895703125,37.38024609375,37.80123046875,34.381
133,2019-08-01 18:00:00,34.77881640625,34.83996484375,35.38084765625,35.70625390625,35.6208125,35.9097578125,37.3112109375,36.72530859375,37.47754296875,33.397
134,2019-08-01 18:30:00,34.28498828125,34.41080859375,34.67346484375,35.2178671875,35.01520703125,35.23845703125,36.45880859375,36.05171484375,37.02876171875,32.764
135,2019-08-01 19:00:00,33.77812890625,34.08023046875,33.91652734375,34.65404296875,34.45724609375,34.74682421875,35.81553515625,35.5035078125,36.45305078125,32.654
136,2019-08-01 19:30:00,33.3074921875,33.74275,33.38362890625,34.09265234375,34.36234765625,34.3413046875,35.44725,35.0776484375,35.97794921875,32.416
137,2019-08-01 20:00:00,32.93474609375,33.380828125,33.144625,33.65,34.48051171875,33.837140625,34.97887890625,34.78662890625,35.54916015625,32.525999999999996
138,2019-08-01 20:30:00,32.17159765625,32.85198046875,33.09251953125,33.06394140625,33.60709765625,33.01270703125,34.26096875,34.18294140625,34.8050234375,31.869
139,2019-08-01 21:00:00,30.84660546875,31.691658203125,32.540208984375,32.147380859375,31.89083203125,31.915294921875,33.2008671875,32.8986171875,33.74853125,29.016
140,2019-08-01 21:30:00,29.55765234375,29.85371484375,31.115951171875,30.7456015625,30.4776796875,30.60003125,31.73263671875,31.315671875,32.494005859375,27.059
141,2019-08-01 22:00:00,28.468861328125,28.24477734375,29.4143203125,28.95645703125,29.38646484375,29.01130078125,30.156853515625,29.926498046875,30.93582421875,27.903
142,2019-08-01 22:30:00,27.146498046875,27.1403515625,27.8731171875,27.402357421875,28.0384296875,27.508640625,28.8416015625,28.6013125,29.217759765625,26.895
143,2019-08-01 23:00:00,25.642578125,26.079111328125,26.50092578125,26.12229296875,26.700841796875,26.222513671875,27.65102734375,27.18803125,27.779005859375,24.859
144,2019-08-01 23:30:00,24.2050625,25.0258359375,25.34924609375,24.93481640625,25.701916015625,25.015361328125,26.491138671875,25.941875,26.645927734375,24.034
145,2019-08-02 00:00:00,24.036947265625,24.36950390625,25.2205703125,24.429892578125,25.429068359375,24.78325390625,26.212970703125,25.521326171875,26.322921875,23.04
146,2019-08-02 00:30:00,23.03828515625,23.28151171875,24.367146484375,23.610658203125,24.674373046875,23.9786875,25.248865234375,24.764142578125,25.421373046875,22.867
147,2019-08-02 01:00:00,22.211978515625,22.511427734375,23.813625,23.113646484375,24.1548515625,23.48633203125,24.819166015625,24.30248046875,24.9031171875,22.635
148,2019-08-02 01:30:00,21.677806640625,21.956548828125,23.358951171875,22.656783203125,23.73285546875,23.15530078125,24.4159375,23.916400390625,24.53478125,21.956
149,2019-08-02 02:00:00,21.26251953125,21.561783203125,22.90667578125,22.303740234375,23.44883203125,22.94256640625,24.08008984375,23.630939453125,24.311955078125,21.755
150,2019-08-02 02:30:00,21.003923828125,21.3056953125,22.527328125,22.09667578125,23.266599609375,22.855248046875,23.846841796875,23.4724140625,24.230138671875,21.689
151,2019-08-02 03:00:00,20.933138671875,21.246041015625,22.395537109375,22.0849453125,23.19356640625,22.9324609375,23.8007109375,23.4680234375,24.297759765625,21.191
152,2019-08-02 03:30:00,21.087353515625,21.5761640625,22.62265234375,22.322142578125,23.308982421875,23.258146484375,24.022421875,23.678849609375,24.562326171875,21.391
153,2019-08-02 04:00:00,21.581876953125,22.740365234375,23.361626953125,22.886953125,23.795333984375,24.0027109375,24.673494140625,24.30630078125,25.148294921875,21.707
154,2019-08-02 04:30:00,22.702505859375,24.66816015625,24.719134765625,24.065173828125,24.8366328125,25.50742578125,26.23607421875,26.048451171875,26.3661484375,22.6
155,2019-08-02 05:00:00,24.571357421875,26.61494921875,26.60266015625,26.27252734375,26.919263671875,27.83446875,29.089109375,28.87222265625,28.612349609375,24.195
156,2019-08-02 05:30:00,26.5893984375,28.22230078125,28.540927734375,28.611296875,29.056697265625,30.340974609375,31.9735234375,31.194693359375,31.56627734375,26.174
157,2019-08-02 06:00:00,28.4997265625,29.895140625,30.404564453125,30.84052734375,30.871671875,32.592494140625,34.356,33.2731484375,34.09425,28.463
158,2019-08-02 06:30:00,30.920337890625,31.94167578125,32.82737890625,32.9269453125,32.88926953125,34.39870703125,36.20587890625,35.16891796875,35.70184765625,29.876
159,2019-08-02 07:00:00,33.2911875,33.72358984375,34.93109375,34.60056640625,34.887203125,35.7069375,37.2140078125,36.4513984375,36.73173046875,32.318
160,2019-08-02 07:30:00,34.4304296875,34.49819140625,35.69882421875,35.69964453125,36.09697265625,36.5049296875,37.80986328125,37.27936328125,37.55255859375,33.537
161,2019-08-02 08:00:00,34.95676953125,34.69400390625,35.86654296875,36.22656640625,36.67220703125,36.89008984375,38.2573515625,37.85703515625,38.02035546875,34.414
162,2019-08-02 08:30:00,35.34476171875,34.81769921875,35.89367578125,36.42412890625,36.98481640625,37.0932890625,38.57668359375,38.26575390625,38.1147265625,34.934
163,2019-08-02 09:00:00,35.61205078125,34.99711328125,35.9254609375,36.68165234375,37.1579609375,37.26697265625,38.830359375,38.55684765625,38.1166640625,35.19
164,2019-08-02 09:30:00,35.7611875,35.2236015625,36.0282421875,36.98503515625,37.31926171875,37.47780859375,39.055015625,38.75372265625,38.19129296875,35.437
165,2019-08-02 10:00:00,35.82526953125,35.47908984375,36.25286328125,37.22305859375,37.65015625,37.71187109375,39.2546015625,38.86887890625,38.354671875,35.802
166,2019-08-02 10:30:00,35.8148984375,35.70331640625,36.51890234375,37.3764375,37.82597265625,37.88695703125,39.41441796875,38.94553125,38.55216015625,35.863
167,2019-08-02 11:00:00,35.7215703125,35.820125,36.58848046875,37.44089453125,37.7634765625,37.93567578125,39.502421875,38.98081640625,38.63554296875,36.148
168,2019-08-02 11:30:00,35.53133203125,35.79616015625,36.43875,37.38533203125,37.59158984375,37.83827734375,39.4843046875,38.88451953125,38.51221875,36.105
169,2019-08-02 12:00:00,35.24280859375,35.58040234375,36.14478125,37.1998359375,37.30602734375,37.6064140625,39.34855859375,38.63102734375,38.2279453125,35.987
170,2019-08-02 12:30:00,34.8841328125,35.1534453125,35.75365625,36.9315234375,36.895734375,37.2753984375,39.08350390625,38.21128125,37.86965234375,35.617
171,2019-08-02 13:00:00,34.52251953125,34.59995703125,35.3284921875,36.6438984375,36.4332734375,36.90825,38.6897265625,37.7143203125,37.5408671875,34.992
172,2019-08-02 13:30:00,34.2717890625,34.09530078125,34.96685546875,36.3887890625,35.99891015625,36.5783984375,38.27025390625,37.3896953125,37.30484375,34.779
173,2019-08-02 14:00:00,34.2823671875,33.82711328125,34.74544140625,36.2230546875,35.67728125,36.35387109375,37.982359375,37.29781640625,37.15738671875,34.299
174,2019-08-02 14:30:00,34.606625,33.90253515625,34.671875,36.2253359375,35.57085546875,36.27693359375,37.8499296875,37.3205390625,37.09573046875,34.122
175,2019-08-02 15:00:00,35.06592578125,34.2619453125,34.805,36.444765625,35.73024609375,36.34589453125,37.8129296875,37.365375,37.14252734375,34.229
176,2019-08-02 15:30:00,35.431234375,34.6909609375,35.2526796875,36.7586015625,36.0321328125,36.48674609375,37.83134375,37.3593515625,37.2956484375,34.607
177,2019-08-02 16:00:00,35.58980078125,34.9685234375,35.6612265625,36.89197265625,36.18212109375,36.57325,37.83867578125,37.25726953125,37.4444609375,34.455
178,2019-08-02 16:30:00,35.51643359375,34.9854765625,35.6841953125,36.65447265625,36.07266796875,36.48407421875,37.69457421875,37.06753125,37.4201796875,34.132
179,2019-08-02 17:00:00,35.16245703125,34.72301953125,35.39287890625,36.07970703125,35.7893515625,36.15521484375,37.34222265625,36.8217734375,37.165671875,33.687
180,2019-08-02 17:30:00,34.5303515625,34.3180625,34.905359375,35.4063125,35.4414609375,35.59912109375,36.89022265625,36.50229296875,36.83828125,33.535
181,2019-08-02 18:00:00,33.8466640625,33.98028125,34.37930078125,34.86965234375,35.0465546875,34.94880078125,36.3914140625,36.0270625,36.53510546875,33.033
182,2019-08-02 18:30:00,33.36052734375,33.66625,33.7497265625,34.41712890625,34.51199609375,34.42562109375,35.75001171875,35.3923359375,36.09209375,32.604000000000006
183,2019-08-02 19:00:00,32.98404296875,33.2578125,33.03679296875,33.8654375,33.96180078125,34.07685546875,35.1790390625,34.79516796875,35.475140625,32.227999999999994
184,2019-08-02 19:30:00,32.71058203125,32.88228125,32.5624921875,33.314859375,33.7833203125,33.7454140625,34.8212890625,34.45064453125,34.9160234375,31.725
185,2019-08-02 20:00:00,32.54146484375,32.742107421875,32.419462890625,32.87158203125,33.864125,33.22795703125,34.35340234375,34.28909765625,34.3685234375,31.883
186,2019-08-02 20:30:00,31.97803515625,32.461234375,32.425716796875,32.30116796875,33.0853125,32.520369140625,33.67926171875,33.68364453125,33.660578125,31.347
187,2019-08-02 21:00:00,30.69404296875,31.494310546875,31.83293359375,31.388056640625,31.54036328125,31.704791015625,32.640376953125,32.4087734375,32.8730234375,30.759
188,2019-08-02 21:30:00,29.377736328125,29.785828125,30.53833984375,29.9866875,30.233353515625,30.510498046875,31.14804296875,30.92234765625,31.90565625,29.304
189,2019-08-02 22:00:00,28.332978515625,28.128958984375,29.011865234375,28.3072734375,29.2639765625,28.88824609375,29.592689453125,29.6977578125,30.576658203125,28.252
190,2019-08-02 22:30:00,27.069787109375,26.8767578125,27.700123046875,26.898599609375,28.0770859375,27.38685546875,28.385947265625,28.55753125,28.991814453125,27.035
191,2019-08-02 23:00:00,25.660943359375,25.70750390625,26.561349609375,25.72325,26.74344921875,26.139056640625,27.365189453125,27.1784296875,27.627609375,25.9
192,2019-08-02 23:30:00,24.29923046875,24.588974609375,25.43805078125,24.513603515625,25.72193359375,24.98493359375,26.338509765625,25.8938203125,26.521779296875,25.3
193,2019-08-03 00:00:00,23.3360703125,23.780962890625,24.660732421875,23.307373046875,25.25269140625,24.795423828125,25.892884765625,25.403392578125,26.4923828125,24.571
194,2019-08-03 00:30:00,22.298041015625,22.762466796875,23.799978515625,22.85012109375,24.33679296875,24.0027890625,24.607080078125,24.484474609375,25.404447265625,24.12
195,2019-08-03 01:00:00,21.489576171875,22.211916015625,23.279572265625,22.44405078125,23.767009765625,23.568326171875,24.41863671875,23.74343359375,24.78716796875,23.306
196,2019-08-03 01:30:00,20.933525390625,21.54033984375,22.858181640625,22.00419140625,23.36607421875,23.066703125,24.004451171875,23.272857421875,24.252958984375,22.891
197,2019-08-03 02:00:00,20.539224609375,20.971001953125,22.31674609375,21.664771484375,23.086705078125,22.642380859375,23.63023046875,22.89046484375,23.8392265625,22.183
198,2019-08-03 02:30:00,20.284361328125,20.5120859375,21.845794921875,21.447171875,22.90798046875,22.3162734375,23.38205078125,22.6031171875,23.55980859375,22.195
199,2019-08-03 03:00:00,20.14830078125,20.18537890625,21.626271484375,21.397578125,22.827548828125,22.13102734375,23.281578125,22.42001171875,23.417515625,21.875
200,2019-08-03 03:30:00,20.12117578125,20.05447265625,21.629140625,21.57073828125,22.903501953125,22.1537109375,23.386779296875,22.3654375,23.425876953125,21.788
201,2019-08-03 04:00:00,20.21983203125,20.305646484375,21.892744140625,21.999302734375,23.210197265625,22.46273828125,23.830470703125,22.52455078125,23.616728515625,21.711
202,2019-08-03 04:30:00,20.53768359375,21.162337890625,22.596068359375,22.784955078125,23.76287890625,23.151498046875,24.899197265625,23.14644921875,24.06953125,21.98
203,2019-08-03 05:00:00,21.3428515625,22.546525390625,23.858666015625,24.29330859375,24.859279296875,24.3793828125,26.643716796875,24.601365234375,24.953287109375,24.114
204,2019-08-03 05:30:00,22.96052734375,24.35729296875,25.4712265625,25.925171875,26.15059375,26.32698046875,28.31181640625,26.330150390625,26.500080078125,25.288
205,2019-08-03 06:00:00,25.033853515625,26.209216796875,27.046900390625,27.01297265625,27.5213046875,28.6280625,29.79941015625,27.870373046875,28.518294921875,26.68
206,2019-08-03 06:30:00,27.113462890625,28.075599609375,28.40002734375,28.32855859375,29.14128515625,30.429330078125,31.3495546875,29.616642578125,30.325427734375,27.752
207,2019-08-03 07:00:00,28.64327734375,29.861568359375,29.613294921875,30.25912109375,30.6210625,31.60404296875,32.72637109375,31.155294921875,31.720919921875,29.542
208,2019-08-03 07:30:00,29.786240234375,31.19831640625,30.744095703125,31.931955078125,31.754650390625,32.274138671875,33.8061171875,32.460318359375,32.82530078125,30.853000000000005
209,2019-08-03 08:00:00,30.8005078125,31.941150390625,31.792642578125,32.64223828125,32.7123046875,32.676046875,34.81493359375,33.56166796875,33.61503125,31.325999999999997
210,2019-08-03 08:30:00,31.59111328125,32.189107421875,32.591873046875,32.9355859375,33.4661328125,33.07080859375,35.44746484375,34.23348046875,34.30790625,31.830999999999996
211,2019-08-03 09:00:00,32.2155859375,32.259384765625,33.1725859375,33.33071484375,33.9041484375,33.559171875,35.80023828125,34.60293359375,34.95816015625,32.593999999999994
212,2019-08-03 09:30:00,32.528625,32.3554296875,33.4626875,33.64853125,34.29513671875,33.9588984375,36.078703125,34.80771484375,35.295640625,32.963
213,2019-08-03 10:00:00,32.610783203125,32.471814453125,33.4608046875,33.81291796875,34.58920703125,34.1237578125,36.2931015625,34.8934765625,35.402265625,33.388
214,2019-08-03 10:30:00,32.571486328125,32.52626953125,33.4203515625,33.88273828125,34.6024921875,34.11005078125,36.397515625,34.8927421875,35.41207421875,33.434
215,2019-08-03 11:00:00,32.429884765625,32.459796875,33.3725625,33.8690703125,34.53633984375,33.97816796875,36.37254296875,34.847859375,35.27177734375,33.332
216,2019-08-03 11:30:00,32.167779296875,32.238716796875,33.1611171875,33.7357421875,34.4051640625,33.750125,36.2329921875,34.7667578125,34.94203515625,33.405
217,2019-08-03 12:00:00,31.769279296875,31.826517578125,32.8116953125,33.4641953125,34.13746484375,33.444078125,36.00130078125,34.54134765625,34.52040234375,33.227
218,2019-08-03 12:30:00,31.254779296875,31.22258984375,32.389755859375,33.10722265625,33.715328125,33.091734375,35.67605078125,34.06031640625,34.1287734375,32.61300000000001
219,2019-08-03 13:00:00,30.697205078125,30.544611328125,31.95406640625,32.737,33.23031640625,32.740669921875,35.24549609375,33.4988359375,33.8377109375,32.244
220,2019-08-03 13:30:00,30.20069921875,29.9929375,31.6072734375,32.39678125,32.80616015625,32.440802734375,34.7643984375,33.1953828125,33.66103515625,31.832000000000004
221,2019-08-03 14:00:00,29.860556640625,29.721318359375,31.42694140625,32.1321875,32.54348046875,32.243583984375,34.37919921875,33.18395703125,33.598,31.686999999999998
222,2019-08-03 14:30:00,29.761900390625,29.798546875,31.410451171875,32.0299921875,32.53046875,32.203740234375,34.1843046875,33.33784375,33.6644765625,31.596999999999998
223,2019-08-03 15:00:00,30.007119140625,30.22444140625,31.610470703125,32.19669140625,32.7836796875,32.371740234375,34.178734375,33.572078125,33.891609375,32.519
224,2019-08-03 15:30:00,30.6018203125,30.889943359375,32.193548828125,32.606408203125,33.231765625,32.7291640625,34.34297265625,33.8264921875,34.27667578125,32.922
225,2019-08-03 16:00:00,31.2336171875,31.570419921875,32.89332421875,33.0325703125,33.71541796875,33.1557265625,34.6083984375,34.05119140625,34.699078125,33.238
226,2019-08-03 16:30:00,31.547494140625,32.045298828125,33.19926953125,33.25523828125,34.01344921875,33.5087421875,34.8167734375,34.20818359375,34.92305078125,33.327
227,2019-08-03 17:00:00,31.544712890625,32.219912109375,33.0919140625,33.23366015625,34.00782421875,33.703734375,34.83540234375,34.2596015625,34.7554765625,33.08
228,2019-08-03 17:30:00,31.4777421875,32.112890625,32.6349140625,32.9921171875,33.69533203125,33.68060546875,34.55183984375,34.12348046875,34.25309765625,32.845
229,2019-08-03 18:00:00,31.455263671875,31.95988671875,32.232353515625,32.539951171875,33.288015625,33.4043359375,34.00607421875,33.69403125,33.81176171875,32.492
230,2019-08-03 18:30:00,31.3804921875,31.94293359375,32.022130859375,31.992623046875,32.97795703125,32.9314921875,33.49791796875,33.07739453125,33.57806640625,32.009
231,2019-08-03 19:00:00,31.34470703125,31.91455859375,31.609123046875,31.561447265625,32.6640390625,32.365861328125,32.8902265625,32.634642578125,33.3123984375,31.668
232,2019-08-03 19:30:00,31.266744140625,31.650666015625,31.1699921875,31.53240234375,32.258779296875,31.925173828125,32.3292421875,32.57280078125,32.951390625,31.275
233,2019-08-03 20:00:00,30.975498046875,31.113326171875,30.984716796875,31.559236328125,31.98129296875,31.682091796875,32.246390625,32.562267578125,32.722376953125,31.476000000000003
234,2019-08-03 20:30:00,30.62658984375,30.50891015625,30.90274609375,30.979736328125,31.599505859375,31.410958984375,32.306923828125,31.9862109375,32.497412109375,31.111
235,2019-08-03 21:00:00,29.999271484375,29.864607421875,30.453693359375,29.724447265625,30.825876953125,30.79686328125,31.645962890625,30.92190625,31.974951171875,30.269999999999996
236,2019-08-03 21:30:00,28.6041171875,28.867234375,29.426787109375,28.404578125,29.750302734375,29.6278828125,30.109685546875,29.721603515625,31.079763671875,29.07
237,2019-08-03 22:00:00,26.87725390625,27.457166015625,28.1669921875,27.35066796875,28.678369140625,28.42913671875,28.81781640625,28.426544921875,29.770791015625,26.932
238,2019-08-03 22:30:00,25.619708984375,26.006119140625,27.025111328125,26.212091796875,27.630810546875,27.248490234375,27.88913671875,27.0874375,28.16803515625,25.911
239,2019-08-03 23:00:00,24.354619140625,24.746244140625,25.837951171875,24.854744140625,26.2768828125,25.8347109375,26.87007421875,25.95170703125,26.787099609375,25.215
240,2019-08-03 23:30:00,22.977515625,23.7233203125,24.654935546875,23.661615234375,24.99251953125,24.7208359375,25.7566171875,25.04915234375,25.795958984375,24.452
241,2019-08-04 00:00:00,20.77331640625,22.181634765625,22.59808984375,22.36388671875,24.132119140625,23.2721875,24.61796484375,23.82613671875,24.6293984375,23.916
242,2019-08-04 00:30:00,19.994369140625,21.682767578125,22.323658203125,22.0399609375,23.75226171875,23.041482421875,24.08490234375,23.286025390625,23.988984375,23.481
243,2019-08-04 01:00:00,19.131509765625,21.01858203125,21.698439453125,21.487583984375,23.15076171875,22.443611328125,23.4773671875,22.62697265625,23.476328125,22.696
244,2019-08-04 01:30:00,18.36244921875,20.130146484375,21.140091796875,20.924556640625,22.625501953125,21.874751953125,23.02759375,22.16998828125,23.074845703125,22.203
245,2019-08-04 02:00:00,17.758841796875,19.37221484375,20.45854296875,20.4308125,22.215544921875,21.428197265625,22.666119140625,21.78733984375,22.77394921875,21.735
246,2019-08-04 02:30:00,17.332765625,18.791841796875,19.92238671875,20.0343828125,21.86648828125,21.114140625,22.398064453125,21.460572265625,22.55180859375,21.618
247,2019-08-04 03:00:00,17.065759765625,18.354314453125,19.6321484375,19.7823828125,21.566275390625,20.93192578125,22.231318359375,21.189486328125,22.40725,20.862
248,2019-08-04 03:30:00,16.921796875,18.047919921875,19.479720703125,19.724150390625,21.371328125,20.90910546875,22.2058828125,20.988720703125,22.35360546875,20.636
249,2019-08-04 04:00:00,16.870248046875,17.900001953125,19.43165234375,19.902484375,21.3425546875,21.0999921875,22.37122265625,20.90055859375,22.41955078125,20.491
250,2019-08-04 04:30:00,16.898998046875,18.03984765625,19.56842578125,20.34537890625,21.38109765625,21.561072265625,22.832671875,21.033671875,22.6503125,20.3
251,2019-08-04 05:00:00,17.02232421875,18.771255859375,20.0306015625,21.0954921875,21.7558984375,22.333634765625,23.81759375,21.64428125,23.09117578125,21.073
252,2019-08-04 05:30:00,17.3154609375,20.138298828125,20.97354296875,22.381779296875,22.64814453125,23.46548828125,25.398986328125,22.926087890625,23.7655390625,21.931
253,2019-08-04 06:00:00,18.04829296875,21.902376953125,22.609431640625,24.425912109375,23.909310546875,25.014435546875,27.228744140625,24.501412109375,24.7627734375,23.544
254,2019-08-04 06:30:00,19.923263671875,23.80905078125,24.680056640625,26.20093359375,25.42901953125,26.9183828125,29.12258203125,26.199884765625,26.3143828125,25.066
255,2019-08-04 07:00:00,22.78608984375,25.581140625,26.511283203125,27.67855078125,27.10223046875,28.61503515625,30.800056640625,28.118224609375,28.235916015625,27.076
256,2019-08-04 07:30:00,25.405251953125,27.311072265625,28.17709375,29.20546484375,28.6184296875,29.9097109375,32.1203984375,29.906693359375,29.94755859375,28.406
257,2019-08-04 08:00:00,27.367150390625,28.92717578125,29.612052734375,30.54977734375,29.89300390625,31.001251953125,33.3519140625,31.294615234375,31.201669921875,29.813999999999997
258,2019-08-04 08:30:00,28.73597265625,30.05869140625,30.682505859375,31.46964453125,30.95137890625,31.7072265625,34.28680859375,32.374205078125,32.10070703125,30.955
259,2019-08-04 09:00:00,29.827587890625,30.64231640625,31.454583984375,32.169884765625,31.785435546875,32.167462890625,34.79216015625,33.078203125,32.960359375,28.565
260,2019-08-04 09:30:00,30.79151953125,30.963421875,32.125955078125,32.753734375,32.386779296875,32.6353828125,35.117078125,33.54343359375,33.61178125,32.452
261,2019-08-04 10:00:00,31.36866796875,31.237162109375,32.521056640625,33.11446875,32.96917578125,33.05402734375,35.40034375,33.87477734375,33.92430859375,32.965
262,2019-08-04 10:30:00,31.618416015625,31.476498046875,32.77685546875,33.32307421875,33.34266796875,33.2764375,35.64747265625,34.073734375,34.1310703125,33.252
263,2019-08-04 11:00:00,31.703599609375,31.632634765625,33.0058515625,33.4534453125,33.47183203125,33.32114453125,35.81271875,34.14877734375,34.3231171875,33.242
264,2019-08-04 11:30:00,31.6986171875,31.667763671875,33.0380703125,33.498015625,33.51523046875,33.238109375,35.8617265625,34.14394921875,34.36479296875,33.256
265,2019-08-04 12:00:00,31.6231796875,31.53351953125,32.85199609375,33.4039375,33.4974609375,33.0508046875,35.78933203125,34.05626953125,34.1855546875,33.23
266,2019-08-04 12:30:00,31.481908203125,31.175669921875,32.55263671875,33.17755859375,33.3705859375,32.782140625,35.5994453125,33.80973828125,33.8753671875,33.177
267,2019-08-04 13:00:00,31.284533203125,30.639560546875,32.21378515625,32.897484375,33.0944765625,32.480958984375,35.2985234375,33.4706015625,33.591734375,33.041
268,2019-08-04 13:30:00,31.06091796875,30.14715625,31.90331640625,32.640162109375,32.752662109375,32.2211640625,34.94228515625,33.29627734375,33.44181640625,32.845
269,2019-08-04 14:00:00,30.869541015625,29.938509765625,31.6994296875,32.47693359375,32.506337890625,32.094568359375,34.6386328125,33.35806640625,33.42847265625,32.50000000000001
270,2019-08-04 14:30:00,30.801076171875,30.123208984375,31.65212890625,32.5026328125,32.4894296875,32.1864921875,34.45623046875,33.56177734375,33.5308125,32.464000000000006
271,2019-08-04 15:00:00,30.9631328125,30.65927734375,31.812693359375,32.788078125,32.79712109375,32.527736328125,34.42376953125,33.83878125,33.75608984375,32.642
272,2019-08-04 15:30:00,31.38114453125,31.351005859375,32.317201171875,33.2264765625,33.3330703125,33.01516015625,34.56005859375,34.13946484375,34.11839453125,33.087
273,2019-08-04 16:00:00,31.862556640625,31.939306640625,33.00685546875,33.57665625,33.84948046875,33.4633359375,34.79050390625,34.41107421875,34.54865625,33.539
274,2019-08-04 16:30:00,32.1291953125,32.27791796875,33.39211328125,33.72284375,34.104453125,33.75106640625,34.94417578125,34.595015625,34.7995078125,33.481
275,2019-08-04 17:00:00,32.10197265625,32.397080078125,33.3719765625,33.70473828125,34.0101953125,33.83271484375,34.8985078125,34.61712890625,34.62753515625,33.433
276,2019-08-04 17:30:00,31.957884765625,32.376080078125,33.01165625,33.52830078125,33.70062109375,33.67803125,34.55137109375,34.38855859375,34.20315234375,33.203
277,2019-08-04 18:00:00,31.859994140625,32.232888671875,32.67315234375,33.10403515625,33.41058203125,33.34230078125,34.0633125,33.94201171875,33.943078125,32.668
278,2019-08-04 18:30:00,31.753341796875,32.05125390625,32.544912109375,32.4724453125,33.1865,32.95958203125,33.734,33.4804375,33.85226171875,31.851
279,2019-08-04 19:00:00,31.651494140625,31.99383984375,32.27216015625,32.0292734375,32.93118359375,32.504740234375,33.3375625,33.13125390625,33.6624921875,31.699
280,2019-08-04 19:30:00,31.480134765625,31.916875,31.802625,32.08529296875,32.655716796875,31.974990234375,32.69473046875,32.98501953125,33.23501953125,31.710000000000004
281,2019-08-04 20:00:00,31.0523125,31.520416015625,31.45258203125,32.1805625,32.4118125,31.582166015625,32.268490234375,32.755052734375,32.85902734375,31.96
282,2019-08-04 20:30:00,30.470904296875,30.67171875,31.09398828125,31.675982421875,31.776142578125,31.157056640625,32.11415234375,31.86075390625,32.573640625,31.352999999999998
283,2019-08-04 21:00:00,29.38820703125,29.446775390625,30.41640625,30.426421875,30.6673984375,30.232306640625,31.478412109375,30.513791015625,31.955056640625,30.232999999999997
284,2019-08-04 21:30:00,27.38009375,28.149470703125,29.1000234375,28.80123046875,29.407435546875,28.738494140625,30.033171875,29.025103515625,30.660009765625,28.679
285,2019-08-04 22:00:00,25.28262109375,26.598244140625,27.327759765625,27.181251953125,28.21181640625,27.25240234375,28.5113671875,27.343064453125,28.760349609375,26.885
286,2019-08-04 22:30:00,23.333783203125,24.8214765625,25.477212890625,25.523578125,26.855255859375,25.59118359375,27.285318359375,25.811974609375,26.910486328125,25.794
287,2019-08-04 23:00:00,21.803390625,23.25058984375,23.934150390625,24.10576953125,25.275501953125,24.151876953125,26.040619140625,24.6524453125,25.58186328125,24.659
288,2019-08-04 23:30:00,20.757560546875,22.149037109375,22.8868828125,23.128673828125,24.138376953125,23.269484375,24.8412578125,23.813212890625,24.652923828125,23.871
289,2019-08-05 00:00:00,20.012669921875,22.01759375,22.59654296875,22.92140625,24.25561328125,22.661427734375,24.544240234375,23.1249375,25.035515625,22.718
290,2019-08-05 00:30:00,19.462716796875,21.46598046875,22.2438359375,22.5204375,23.75309765625,22.690212890625,24.250291015625,22.969095703125,24.59419921875,22.647
291,2019-08-05 01:00:00,19.108435546875,21.02662890625,22.075396484375,22.2045703125,23.309080078125,22.54791015625,23.7713828125,22.806001953125,24.07680859375,21.906
292,2019-08-05 01:30:00,18.822294921875,20.63150390625,21.770875,21.953498046875,22.859224609375,22.395435546875,23.50203515625,22.539193359375,23.7008671875,21.414
293,2019-08-05 02:00:00,18.668763671875,20.334802734375,21.370498046875,21.793943359375,22.575419921875,22.308416015625,23.282001953125,22.32829296875,23.45178515625,21.081
294,2019-08-05 02:30:00,18.68984765625,20.148126953125,21.06511328125,21.77340625,22.42488671875,22.290890625,23.118638671875,22.205939453125,23.339419921875,20.802
295,2019-08-05 03:00:00,18.895048828125,20.142421875,21.001771484375,21.916849609375,22.4042421875,22.374732421875,23.09339453125,22.203037109375,23.386171875,21.04
296,2019-08-05 03:30:00,19.277091796875,20.488392578125,21.23475,22.235923828125,22.600421875,22.645115234375,23.320576171875,22.376763671875,23.645486328125,21.147
297,2019-08-05 04:00:00,19.86567578125,21.582369140625,21.911478515625,22.779318359375,23.222240234375,23.290966796875,23.96726171875,22.870474609375,24.269619140625,22.508
298,2019-08-05 04:30:00,20.853642578125,23.574345703125,23.225763671875,23.7884140625,24.488513671875,24.774775390625,25.4329609375,24.196013671875,25.673619140625,23.399
299,2019-08-05 05:00:00,22.79958203125,25.722525390625,25.28846484375,25.620513671875,26.80077734375,27.370833984375,28.170236328125,27.064927734375,28.072228515625,25.884
300,2019-08-05 05:30:00,25.68237890625,27.6756796875,27.779142578125,27.73751171875,28.94553125,29.942341796875,31.201306640625,30.100001953125,30.672595703125,27.943
301,2019-08-05 06:00:00,28.059908203125,29.562158203125,30.088853515625,29.778111328125,30.628208984375,32.0221875,33.464265625,32.321625,32.767701171875,30.147
302,2019-08-05 06:30:00,30.1926328125,31.573513671875,32.505314453125,31.922173828125,32.38821875,33.909984375,35.183796875,34.22290625,34.40261328125,32.015
303,2019-08-05 07:00:00,32.65780078125,33.37197265625,34.65991015625,33.818453125,34.23607421875,35.380796875,36.43943359375,35.737265625,35.58626953125,34.815
304,2019-08-05 07:30:00,34.49216015625,34.384765625,35.60667578125,34.99517578125,35.5107890625,36.19745703125,37.27878125,36.757421875,36.394390625,35.767
305,2019-08-05 08:00:00,35.27948828125,34.853421875,35.8906171875,35.576421875,36.12464453125,36.57283984375,37.82195703125,37.3823203125,37.01355078125,37.068
306,2019-08-05 08:30:00,35.66020703125,35.17334375,35.9974453125,36.0810234375,36.4377578125,36.7849296875,38.1660546875,37.773125,37.34853515625,37.347
307,2019-08-05 09:00:00,35.893390625,35.46525390625,36.0879609375,36.599265625,36.6245234375,36.98773046875,38.41091015625,38.0285,37.54996875,37.381
308,2019-08-05 09:30:00,36.01790234375,35.7485625,36.243453125,36.98905859375,36.81290625,37.22365625,38.60355859375,38.20740234375,37.77613671875,37.765
309,2019-08-05 10:00:00,36.06844140625,35.99925390625,36.50980859375,37.26215625,37.14014453125,37.44052734375,38.7504609375,38.37418359375,38.06373828125,37.813
310,2019-08-05 10:30:00,36.06853515625,36.12843359375,36.76426953125,37.45719921875,37.2914375,37.581140625,38.8465703125,38.5582421875,38.408046875,37.876
311,2019-08-05 11:00:00,36.02101953125,36.11186328125,36.823296875,37.5640859375,37.2354765625,37.6132109375,38.89196484375,38.66966015625,38.6865390625,38.339
312,2019-08-05 11:30:00,35.91628125,35.96348046875,36.69848046875,37.53578515625,37.0978828125,37.5074765625,38.89391796875,38.6213828125,38.73186328125,38.288
313,2019-08-05 12:00:00,35.7447734375,35.6827890625,36.45609765625,37.362890625,36.8793984375,37.25211328125,38.85301953125,38.40991796875,38.54000390625,38.006
314,2019-08-05 12:30:00,35.5152578125,35.285421875,36.16341015625,37.11440625,36.57784375,36.88258984375,38.746625,38.04256640625,38.19498828125,37.792
315,2019-08-05 13:00:00,35.27573828125,34.83602734375,35.89381640625,36.86999609375,36.25448828125,36.493953125,38.55567578125,37.63326953125,37.8506796875,37.356
316,2019-08-05 13:30:00,35.1243515625,34.45487109375,35.725,36.6844921875,35.9671171875,36.20273046875,38.31444921875,37.41513671875,37.68284765625,37.307
317,2019-08-05 14:00:00,35.18131640625,34.28925,35.67738671875,36.62232421875,35.7683671875,36.1035859375,38.13595703125,37.41426171875,37.72325390625,36.313
318,2019-08-05 14:30:00,35.4815234375,34.4525625,35.729046875,36.77364453125,35.78055859375,36.23950390625,38.10660546875,37.5129921875,37.9352421875,36.155
319,2019-08-05 15:00:00,35.90425,34.9123515625,35.98021484375,37.141875,36.09808984375,36.57889453125,38.23048046875,37.65461328125,38.2526015625,36.555
320,2019-08-05 15:30:00,36.2827890625,35.44370703125,36.50737890625,37.50176171875,36.563828125,36.99848046875,38.472625,37.80233984375,38.51323828125,36.853
321,2019-08-05 16:00:00,36.51134375,35.803078125,36.8846875,37.5720859375,36.83687109375,37.3567421875,38.72465625,37.88616015625,38.5669375,37.881
322,2019-08-05 16:30:00,36.52785546875,35.929875,36.90530078125,37.30291796875,36.7685,37.53332421875,38.82833203125,37.81859765625,38.38587890625,37.8
323,2019-08-05 17:00:00,36.26008203125,35.85768359375,36.71496875,36.79684765625,36.43804296875,37.4132265625,38.70165625,37.5399375,38.0121171875,37.498
324,2019-08-05 17:30:00,35.74510546875,35.54916015625,36.3162734375,36.15270703125,35.9960703125,36.91175390625,38.29470703125,37.02594140625,37.57440234375,37.112
325,2019-08-05 18:00:00,35.20554296875,34.98521484375,35.5817578125,35.47490234375,35.4251484375,36.128484375,37.5293984375,36.35302734375,37.1379296875,36.758
326,2019-08-05 18:30:00,34.6663125,34.38404296875,34.5950234375,34.793625,34.77517578125,35.30274609375,36.46304296875,35.72853515625,36.576875,36.076
327,2019-08-05 19:00:00,33.9986640625,33.907125,33.82573046875,34.10591796875,34.29990234375,34.61645703125,35.57583984375,35.21996484375,35.89826953125,35.331
328,2019-08-05 19:30:00,33.4601796875,33.44712109375,33.3853671875,33.633421875,34.18205859375,34.07167578125,34.9566640625,34.81957421875,35.29862890625,34.827
329,2019-08-05 20:00:00,32.96115625,32.96200390625,33.114921875,33.29918359375,34.09226171875,33.42760546875,34.24479296875,34.386421875,34.65935546875,35.287
330,2019-08-05 20:30:00,32.0633515625,32.31121875,32.7695078125,32.722708984375,33.01767578125,32.4976328125,33.41907421875,33.3901015625,33.8066796875,34.207
331,2019-08-05 21:00:00,30.536708984375,31.0309140625,31.660431640625,31.674705078125,31.41631640625,31.450671875,32.49515625,31.94108203125,32.912640625,31.550999999999995
332,2019-08-05 21:30:00,28.950091796875,29.216078125,30.081240234375,30.006873046875,30.25198828125,30.157537109375,31.22439453125,30.381533203125,31.753560546875,29.722
333,2019-08-05 22:00:00,27.375130859375,27.632009765625,28.3273359375,28.162919921875,29.344021484375,28.516556640625,29.705908203125,28.815921875,30.069451171875,28.17
334,2019-08-05 22:30:00,25.541986328125,26.410419921875,26.69288671875,26.707099609375,28.12707421875,26.94568359375,28.26933203125,27.156728515625,28.336091796875,26.875
335,2019-08-05 23:00:00,23.848861328125,25.115099609375,25.330076171875,25.411279296875,26.4605625,25.550568359375,26.958939453125,25.657490234375,27.001943359375,25.387
336,2019-08-05 23:30:00,22.726080078125,23.718115234375,24.267328125,24.25067578125,25.13535546875,24.410869140625,25.814279296875,24.610275390625,25.95579296875,24.647
